<?xml version="1.0" ?>
<LOG_ROOT>
	<PROJECT NAME="DE0_Nano">
		<CBX_INST_ENTRY INSTANCE_NAME="|DE0_Nano|DE0_Nano_SOPC:DE0_Nano_SOPC_inst|TERASIC_SPI_3WIRE:gsensor_spi|SPI_3WIRE:SPI_3WIRE_inst|gsensor_fifo:gsensor_fifo_tx|dcfifo:dcfifo_component" CBX_FILE_NAME="dcfifo_v2j1.tdf"/>
		<CBX_INST_ENTRY INSTANCE_NAME="|DE0_Nano|DE0_Nano_SOPC:DE0_Nano_SOPC_inst|TERASIC_SPI_3WIRE:gsensor_spi|SPI_3WIRE:SPI_3WIRE_inst|gsensor_fifo:gsensor_fifo_tx|dcfifo:dcfifo_component|dcfifo_v2j1:auto_generated|altdpram:fiforam|lpm_decode:wdecoder" CBX_FILE_NAME="decode_51g.tdf"/>
		<CBX_INST_ENTRY INSTANCE_NAME="|DE0_Nano|DE0_Nano_SOPC:DE0_Nano_SOPC_inst|altera_avalon_mm_clock_crossing_bridge:clock_crossing_io2|altera_avalon_dc_fifo:rsp_fifo|altsyncram:mem_rtl_0" CBX_FILE_NAME="altsyncram_10d1.tdf"/>
		<CBX_INST_ENTRY INSTANCE_NAME="|DE0_Nano|DE0_Nano_SOPC:DE0_Nano_SOPC_inst|DE0_Nano_SOPC_cpu:cpu|DE0_Nano_SOPC_cpu_dc_data_module:DE0_Nano_SOPC_cpu_dc_data|altsyncram:the_altsyncram" CBX_FILE_NAME="altsyncram_mdf1.tdf"/>
		<CBX_INST_ENTRY INSTANCE_NAME="|DE0_Nano|DE0_Nano_SOPC:DE0_Nano_SOPC_inst|DE0_Nano_SOPC_cpu:cpu|DE0_Nano_SOPC_cpu_register_bank_a_module:DE0_Nano_SOPC_cpu_register_bank_a|altsyncram:the_altsyncram" CBX_FILE_NAME="altsyncram_2jg1.tdf"/>
		<CBX_INST_ENTRY INSTANCE_NAME="|DE0_Nano|DE0_Nano_SOPC:DE0_Nano_SOPC_inst|DE0_Nano_SOPC_jtag_uart:jtag_uart|DE0_Nano_SOPC_jtag_uart_scfifo_w:the_DE0_Nano_SOPC_jtag_uart_scfifo_w|scfifo:wfifo" CBX_FILE_NAME="scfifo_jr21.tdf"/>
		<CBX_INST_ENTRY INSTANCE_NAME="|DE0_Nano|DE0_Nano_SOPC:DE0_Nano_SOPC_inst|TERASIC_SPI_3WIRE:gsensor_spi|SPI_3WIRE:SPI_3WIRE_inst|gsensor_fifo:gsensor_fifo_rx|dcfifo:dcfifo_component|dcfifo_v2j1:auto_generated|altdpram:fiforam|lpm_mux:mux" CBX_FILE_NAME="mux_6tc.tdf"/>
		<CBX_INST_ENTRY INSTANCE_NAME="|DE0_Nano|DE0_Nano_SOPC:DE0_Nano_SOPC_inst|DE0_Nano_SOPC_cpu:cpu|lpm_add_sub:Add18" CBX_FILE_NAME="add_sub_qvi.tdf"/>
		<CBX_INST_ENTRY INSTANCE_NAME="|DE0_Nano|DE0_Nano_SOPC:DE0_Nano_SOPC_inst|DE0_Nano_SOPC_jtag_uart:jtag_uart|DE0_Nano_SOPC_jtag_uart_scfifo_r:the_DE0_Nano_SOPC_jtag_uart_scfifo_r|scfifo:rfifo" CBX_FILE_NAME="scfifo_jr21.tdf"/>
		<CBX_INST_ENTRY INSTANCE_NAME="|DE0_Nano|DE0_Nano_SOPC:DE0_Nano_SOPC_inst|DE0_Nano_SOPC_cpu:cpu|DE0_Nano_SOPC_cpu_ic_data_module:DE0_Nano_SOPC_cpu_ic_data|altsyncram:the_altsyncram" CBX_FILE_NAME="altsyncram_6ed1.tdf"/>
		<CBX_INST_ENTRY INSTANCE_NAME="|DE0_Nano|DE0_Nano_SOPC:DE0_Nano_SOPC_inst|DE0_Nano_SOPC_cpu:cpu|DE0_Nano_SOPC_cpu_ic_tag_module:DE0_Nano_SOPC_cpu_ic_tag|altsyncram:the_altsyncram" CBX_FILE_NAME="altsyncram_vdh1.tdf"/>
		<CBX_INST_ENTRY INSTANCE_NAME="|DE0_Nano|DE0_Nano_SOPC:DE0_Nano_SOPC_inst|DE0_Nano_SOPC_cpu:cpu|DE0_Nano_SOPC_cpu_mult_cell:the_DE0_Nano_SOPC_cpu_mult_cell|altera_mult_add:the_altmult_add_part_2|altera_mult_add_s1u2:auto_generated|altera_mult_add_rtl:altera_mult_add_rtl1|ama_multiplier_function:multiplier_block|lpm_mult:Mult0" CBX_FILE_NAME="mult_j011.tdf"/>
		<CBX_INST_ENTRY INSTANCE_NAME="|DE0_Nano|DE0_Nano_SOPC:DE0_Nano_SOPC_inst|DE0_Nano_SOPC_cpu:cpu|DE0_Nano_SOPC_cpu_nios2_oci:the_DE0_Nano_SOPC_cpu_nios2_oci|DE0_Nano_SOPC_cpu_nios2_ocimem:the_DE0_Nano_SOPC_cpu_nios2_ocimem|DE0_Nano_SOPC_cpu_ociram_sp_ram_module:DE0_Nano_SOPC_cpu_ociram_sp_ram|altsyncram:the_altsyncram" CBX_FILE_NAME="altsyncram_t381.tdf"/>
		<CBX_INST_ENTRY INSTANCE_NAME="|DE0_Nano|DE0_Nano_SOPC:DE0_Nano_SOPC_inst|DE0_Nano_SOPC_cpu:cpu|DE0_Nano_SOPC_cpu_register_bank_b_module:DE0_Nano_SOPC_cpu_register_bank_b|altsyncram:the_altsyncram" CBX_FILE_NAME="altsyncram_3jg1.tdf"/>
		<CBX_INST_ENTRY INSTANCE_NAME="|DE0_Nano|DE0_Nano_SOPC:DE0_Nano_SOPC_inst|TERASIC_SPI_3WIRE:gsensor_spi|SPI_3WIRE:SPI_3WIRE_inst|gsensor_fifo:gsensor_fifo_tx|dcfifo:dcfifo_component|dcfifo_v2j1:auto_generated|altdpram:fiforam|lpm_mux:mux" CBX_FILE_NAME="mux_6tc.tdf"/>
		<CBX_INST_ENTRY INSTANCE_NAME="|DE0_Nano|DE0_Nano_SOPC:DE0_Nano_SOPC_inst|altera_avalon_mm_clock_crossing_bridge:clock_crossing_io2|altera_avalon_dc_fifo:cmd_fifo|altsyncram:mem_rtl_0" CBX_FILE_NAME="altsyncram_00d1.tdf"/>
		<CBX_INST_ENTRY INSTANCE_NAME="|DE0_Nano|DE0_Nano_SOPC:DE0_Nano_SOPC_inst|DE0_Nano_SOPC_cpu:cpu|DE0_Nano_SOPC_cpu_mult_cell:the_DE0_Nano_SOPC_cpu_mult_cell|altera_mult_add:the_altmult_add_part_1|altera_mult_add_q1u2:auto_generated|altera_mult_add_rtl:altera_mult_add_rtl1|ama_multiplier_function:multiplier_block|lpm_mult:Mult0" CBX_FILE_NAME="mult_jp01.tdf"/>
		<CBX_INST_ENTRY INSTANCE_NAME="|DE0_Nano|DE0_Nano_SOPC:DE0_Nano_SOPC_inst|DE0_Nano_SOPC_epcs:epcs|altsyncram:the_boot_copier_rom" CBX_FILE_NAME="altsyncram_u341.tdf"/>
		<CBX_INST_ENTRY INSTANCE_NAME="|DE0_Nano|DE0_Nano_SOPC:DE0_Nano_SOPC_inst|DE0_Nano_SOPC_cpu:cpu|DE0_Nano_SOPC_cpu_bht_module:DE0_Nano_SOPC_cpu_bht|altsyncram:the_altsyncram" CBX_FILE_NAME="altsyncram_25h1.tdf"/>
		<CBX_INST_ENTRY INSTANCE_NAME="|DE0_Nano|DE0_Nano_SOPC:DE0_Nano_SOPC_inst|DE0_Nano_SOPC_cpu:cpu|DE0_Nano_SOPC_cpu_dc_tag_module:DE0_Nano_SOPC_cpu_dc_tag|altsyncram:the_altsyncram" CBX_FILE_NAME="altsyncram_8pg1.tdf"/>
		<CBX_INST_ENTRY INSTANCE_NAME="|DE0_Nano|DE0_Nano_SOPC:DE0_Nano_SOPC_inst|DE0_Nano_SOPC_cpu:cpu|DE0_Nano_SOPC_cpu_dc_victim_module:DE0_Nano_SOPC_cpu_dc_victim|altsyncram:the_altsyncram" CBX_FILE_NAME="altsyncram_r3d1.tdf"/>
		<CBX_INST_ENTRY INSTANCE_NAME="|DE0_Nano|DE0_Nano_SOPC:DE0_Nano_SOPC_inst|DE0_Nano_SOPC_cpu:cpu|DE0_Nano_SOPC_cpu_mult_cell:the_DE0_Nano_SOPC_cpu_mult_cell|altera_mult_add:the_altmult_add_part_1" CBX_FILE_NAME="altera_mult_add_q1u2.v"/>
		<CBX_INST_ENTRY INSTANCE_NAME="|DE0_Nano|DE0_Nano_SOPC:DE0_Nano_SOPC_inst|altera_avalon_mm_clock_crossing_bridge:clock_crossing_io|altera_avalon_dc_fifo:cmd_fifo|altsyncram:mem_rtl_0" CBX_FILE_NAME="altsyncram_mvc1.tdf"/>
		<CBX_INST_ENTRY INSTANCE_NAME="|DE0_Nano|DE0_Nano_SOPC:DE0_Nano_SOPC_inst|DE0_Nano_SOPC_cpu:cpu|DE0_Nano_SOPC_cpu_mult_cell:the_DE0_Nano_SOPC_cpu_mult_cell|altera_mult_add:the_altmult_add_part_2" CBX_FILE_NAME="altera_mult_add_s1u2.v"/>
		<CBX_INST_ENTRY INSTANCE_NAME="|DE0_Nano|DE0_Nano_SOPC:DE0_Nano_SOPC_inst|TERASIC_SPI_3WIRE:gsensor_spi|SPI_3WIRE:SPI_3WIRE_inst|gsensor_fifo:gsensor_fifo_rx|dcfifo:dcfifo_component" CBX_FILE_NAME="dcfifo_v2j1.tdf"/>
		<CBX_INST_ENTRY INSTANCE_NAME="|DE0_Nano|DE0_Nano_SOPC:DE0_Nano_SOPC_inst|TERASIC_SPI_3WIRE:gsensor_spi|SPI_3WIRE:SPI_3WIRE_inst|gsensor_fifo:gsensor_fifo_rx|dcfifo:dcfifo_component|dcfifo_v2j1:auto_generated|altdpram:fiforam|lpm_decode:wdecoder" CBX_FILE_NAME="decode_51g.tdf"/>
		<CBX_INST_ENTRY INSTANCE_NAME="|DE0_Nano|DE0_Nano_SOPC:DE0_Nano_SOPC_inst|altera_avalon_mm_clock_crossing_bridge:clock_crossing_io|altera_avalon_dc_fifo:rsp_fifo|altsyncram:mem_rtl_0" CBX_FILE_NAME="altsyncram_gvc1.tdf"/>
	</PROJECT>
</LOG_ROOT>
