<?xml version="1.0" encoding="UTF-8"?>
<preferences>
 <debug showDebugMenu="0" />
 <systemtable filter="Default">
  <columns>
   <connections preferredWidth="111" />
   <irq preferredWidth="34" />
  </columns>
 </systemtable>
 <clocktable>
  <columns>
   <clockname preferredWidth="548" />
   <clocksource preferredWidth="547" />
   <frequency preferredWidth="529" />
  </columns>
 </clocktable>
 <library
   expandedCategories="Project/System,Library/Verification/Debug &amp; Performance,Project,Library,Library/Embedded Processors,Library/Peripherals,Library/Peripherals/Debug and Performance,Library/Verification" />
 <window width="1936" height="1056" x="-8" y="-8" />
</preferences>
