<?xml version="1.0" encoding="UTF-8"?>
<preferences>
 <debug showDebugMenu="0" />
 <systemtable>
  <columns>
   <connections preferredWidth="287" />
   <irq preferredWidth="34" />
  </columns>
 </systemtable>
 <clocktable>
  <columns>
   <clockname preferredWidth="334" />
   <clocksource preferredWidth="334" />
   <frequency preferredWidth="316" />
  </columns>
 </clocktable>
 <library
   expandedCategories="Project,Library,Project/Terasic Technologies Inc." />
 <window width="1280" height="984" x="0" y="0" />
 <hdlexample language="VERILOG" />
</preferences>
